bar,pos,qstamp,midi,dur_q,x
1,0,0.0,60,2.0,0.006756
1,1,0.25,64,1.75,0.008518
1,2,0.5,67,0.25,0.01028
1,3,0.75,72,0.25,0.012043
1,4,1.0,76,0.25,0.013805
1,5,1.25,67,0.25,0.015567
1,6,1.5,72,0.25,0.01733
1,7,1.75,76,0.25,0.019092
1,8,2.0,60,2.0,0.020854
1,9,2.25,64,1.75,0.022617
1,10,2.5,67,0.25,0.024379
1,11,2.75,72,0.25,0.026141
1,12,3.0,76,0.25,0.027904
1,13,3.25,67,0.25,0.029666
1,14,3.5,72,0.25,0.031428
1,15,3.75,76,0.25,0.033191
2,0,4.0,60,2.0,0.035583
2,1,4.25,62,1.75,0.037345
2,2,4.5,69,0.25,0.039108
2,3,4.75,74,0.25,0.04087
2,4,5.0,77,0.25,0.042632
2,5,5.25,69,0.25,0.044395
2,6,5.5,74,0.25,0.046157
2,7,5.75,77,0.25,0.047919
2,8,6.0,60,2.0,0.049682
2,9,6.25,62,1.75,0.051444
2,10,6.5,69,0.25,0.053206
2,11,6.75,74,0.25,0.054969
2,12,7.0,77,0.25,0.056731
2,13,7.25,69,0.25,0.058494
2,14,7.5,74,0.25,0.060256
2,15,7.75,77,0.25,0.062018
3,0,8.0,59,2.0,0.06441
3,1,8.25,62,1.75,0.066173
3,2,8.5,67,0.25,0.067935
3,3,8.75,74,0.25,0.069697
3,4,9.0,77,0.25,0.07146
3,5,9.25,67,0.25,0.073222
3,6,9.5,74,0.25,0.074984
3,7,9.75,77,0.25,0.076747
3,8,10.0,59,2.0,0.078509
3,9,10.25,62,1.75,0.080272
3,10,10.5,67,0.25,0.082034
3,11,10.75,74,0.25,0.083796
3,12,11.0,77,0.25,0.085559
3,13,11.25,67,0.25,0.087321
3,14,11.5,74,0.25,0.089083
3,15,11.75,77,0.25,0.090846
4,0,12.0,60,2.0,0.093238
4,1,12.25,64,1.75,0.095
4,2,12.5,67,0.25,0.096763
4,3,12.75,72,0.25,0.098525
4,4,13.0,76,0.25,0.100287
4,5,13.25,67,0.25,0.10205
4,6,13.5,72,0.25,0.103812
4,7,13.75,76,0.25,0.105574
4,8,14.0,60,2.0,0.107337
4,9,14.25,64,1.75,0.109099
4,10,14.5,67,0.25,0.110861
4,11,14.75,72,0.25,0.112624
4,12,15.0,76,0.25,0.114386
4,13,15.25,67,0.25,0.116148
4,14,15.5,72,0.25,0.117911
4,15,15.75,76,0.25,0.119673
5,0,16.0,60,2.0,0.122065
5,1,16.25,64,1.75,0.123828
5,2,16.5,69,0.25,0.12559
5,3,16.75,76,0.25,0.127352
5,4,17.0,81,0.25,0.129115
5,5,17.25,69,0.25,0.130877
5,6,17.5,76,0.25,0.132639
5,7,17.75,81,0.25,0.134402
5,8,18.0,60,2.0,0.136164
5,9,18.25,64,1.75,0.137926
5,10,18.5,69,0.25,0.139689
5,11,18.75,76,0.25,0.141451
5,12,19.0,81,0.25,0.143213
5,13,19.25,69,0.25,0.144976
5,14,19.5,76,0.25,0.146738
5,15,19.75,81,0.25,0.1485
6,0,20.0,60,2.0,0.150893
6,1,20.25,62,1.75,0.152655
6,2,20.5,66,0.25,0.154417
6,3,20.75,69,0.25,0.15618
6,4,21.0,74,0.25,0.157942
6,5,21.25,66,0.25,0.159704
6,6,21.5,69,0.25,0.161467
6,7,21.75,74,0.25,0.163229
6,8,22.0,60,2.0,0.164991
6,9,22.25,62,1.75,0.166754
6,10,22.5,66,0.25,0.168516
6,11,22.75,69,0.25,0.170278
6,12,23.0,74,0.25,0.172041
6,13,23.25,66,0.25,0.173803
6,14,23.5,69,0.25,0.175565
6,15,23.75,74,0.25,0.177328
7,0,24.0,59,2.0,0.17972
7,1,24.25,62,1.75,0.181482
7,2,24.5,67,0.25,0.183245
7,3,24.75,74,0.25,0.185007
7,4,25.0,79,0.25,0.186769
7,5,25.25,67,0.25,0.188532
7,6,25.5,74,0.25,0.190294
7,7,25.75,79,0.25,0.192056
7,8,26.0,59,2.0,0.193819
7,9,26.25,62,1.75,0.195581
7,10,26.5,67,0.25,0.197343
7,11,26.75,74,0.25,0.199106
7,12,27.0,79,0.25,0.200868
7,13,27.25,67,0.25,0.20263
7,14,27.5,74,0.25,0.204393
7,15,27.75,79,0.25,0.206155
8,0,28.0,59,2.0,0.208547
8,1,28.25,60,1.75,0.21031
8,2,28.5,64,0.25,0.212072
8,3,28.75,67,0.25,0.213834
8,4,29.0,72,0.25,0.215597
8,5,29.25,64,0.25,0.217359
8,6,29.5,67,0.25,0.219121
8,7,29.75,72,0.25,0.220884
8,8,30.0,59,2.0,0.222646
8,9,30.25,60,1.75,0.224408
8,10,30.5,64,0.25,0.226171
8,11,30.75,67,0.25,0.227933
8,12,31.0,72,0.25,0.229696
8,13,31.25,64,0.25,0.231458
8,14,31.5,67,0.25,0.23322
8,15,31.75,72,0.25,0.234983
9,0,32.0,57,2.0,0.237375
9,1,32.25,60,1.75,0.239137
9,2,32.5,64,0.25,0.240899
9,3,32.75,67,0.25,0.242662
9,4,33.0,72,0.25,0.244424
9,5,33.25,64,0.25,0.246186
9,6,33.5,67,0.25,0.247949
9,7,33.75,72,0.25,0.249711
9,8,34.0,57,2.0,0.251474
9,9,34.25,60,1.75,0.253236
9,10,34.5,64,0.25,0.254998
9,11,34.75,67,0.25,0.256761
9,12,35.0,72,0.25,0.258523
9,13,35.25,64,0.25,0.260285
9,14,35.5,67,0.25,0.262048
9,15,35.75,72,0.25,0.26381
10,0,36.0,50,2.0,0.266202
10,1,36.25,57,1.75,0.267964
10,2,36.5,62,0.25,0.269727
10,3,36.75,66,0.25,0.271502
10,4,37.0,72,0.25,0.273265
10,5,37.25,62,0.25,0.275027
10,6,37.5,66,0.25,0.276789
10,7,37.75,72,0.25,0.278552
10,8,38.0,50,2.0,0.280314
10,9,38.25,57,1.75,0.282076
10,10,38.5,62,0.25,0.283839
10,11,38.75,66,0.25,0.285601
10,12,39.0,72,0.25,0.287363
10,13,39.25,62,0.25,0.289126
10,14,39.5,66,0.25,0.290888
10,15,39.75,72,0.25,0.29265
11,0,40.0,55,2.0,0.295043
11,1,40.25,59,1.75,0.296805
11,2,40.5,62,0.25,0.298567
11,3,40.75,67,0.25,0.30033
11,4,41.0,71,0.25,0.302092
11,5,41.25,62,0.25,0.303854
11,6,41.5,67,0.25,0.305617
11,7,41.75,71,0.25,0.307379
11,8,42.0,55,2.0,0.309141
11,9,42.25,59,1.75,0.310904
11,10,42.5,62,0.25,0.312666
11,11,42.75,67,0.25,0.314428
11,12,43.0,71,0.25,0.316191
11,13,43.25,62,0.25,0.317953
11,14,43.5,67,0.25,0.319715
11,15,43.75,71,0.25,0.321478
12,0,44.0,55,2.0,0.32387
12,1,44.25,58,1.75,0.325632
12,2,44.5,64,0.25,0.327395
12,3,44.75,67,0.25,0.329157
12,4,45.0,73,0.25,0.330929
12,5,45.25,64,0.25,0.332691
12,6,45.5,67,0.25,0.334454
12,7,45.75,73,0.25,0.336216
12,8,46.0,55,2.0,0.337979
12,9,46.25,58,1.75,0.339741
12,10,46.5,64,0.25,0.341503
12,11,46.75,67,0.25,0.343266
12,12,47.0,73,0.25,0.345028
12,13,47.25,64,0.25,0.34679
12,14,47.5,67,0.25,0.348553
12,15,47.75,73,0.25,0.350315
13,0,48.0,53,2.0,0.352707
13,1,48.25,57,1.75,0.35447
13,2,48.5,62,0.25,0.356232
13,3,48.75,69,0.25,0.357994
13,4,49.0,74,0.25,0.359757
13,5,49.25,62,0.25,0.361519
13,6,49.5,69,0.25,0.363281
13,7,49.75,74,0.25,0.365044
13,8,50.0,53,2.0,0.366806
13,9,50.25,57,1.75,0.368568
13,10,50.5,62,0.25,0.370331
13,11,50.75,69,0.25,0.372093
13,12,51.0,74,0.25,0.373855
13,13,51.25,62,0.25,0.375618
13,14,51.5,69,0.25,0.37738
13,15,51.75,74,0.25,0.379142
14,0,52.0,53,2.0,0.381535
14,1,52.25,56,1.75,0.383297
14,2,52.5,62,0.25,0.385059
14,3,52.75,65,0.25,0.386822
14,4,53.0,71,0.25,0.388584
14,5,53.25,62,0.25,0.390346
14,6,53.5,65,0.25,0.392109
14,7,53.75,71,0.25,0.393871
14,8,54.0,53,2.0,0.395633
14,9,54.25,56,1.75,0.397396
14,10,54.5,62,0.25,0.399158
14,11,54.75,65,0.25,0.40092
14,12,55.0,71,0.25,0.402683
14,13,55.25,62,0.25,0.404445
14,14,55.5,65,0.25,0.406207
14,15,55.75,71,0.25,0.40797
15,0,56.0,52,2.0,0.410362
15,1,56.25,55,1.75,0.412124
15,2,56.5,60,0.25,0.413887
15,3,56.75,67,0.25,0.415649
15,4,57.0,72,0.25,0.417411
15,5,57.25,60,0.25,0.419174
15,6,57.5,67,0.25,0.420936
15,7,57.75,72,0.25,0.422698
15,8,58.0,52,2.0,0.424461
15,9,58.25,55,1.75,0.426223
15,10,58.5,60,0.25,0.427985
15,11,58.75,67,0.25,0.429748
15,12,59.0,72,0.25,0.43151
15,13,59.25,60,0.25,0.433272
15,14,59.5,67,0.25,0.435035
15,15,59.75,72,0.25,0.436797
16,0,60.0,52,2.0,0.439189
16,1,60.25,53,1.75,0.440952
16,2,60.5,57,0.25,0.442714
16,3,60.75,60,0.25,0.444476
16,4,61.0,65,0.25,0.446239
16,5,61.25,57,0.25,0.448001
16,6,61.5,60,0.25,0.449763
16,7,61.75,65,0.25,0.451526
16,8,62.0,52,2.0,0.453288
16,9,62.25,53,1.75,0.45505
16,10,62.5,57,0.25,0.456813
16,11,62.75,60,0.25,0.458575
16,12,63.0,65,0.25,0.460337
16,13,63.25,57,0.25,0.4621
16,14,63.5,60,0.25,0.463862
16,15,63.75,65,0.25,0.465624
17,0,64.0,50,2.0,0.468017
17,1,64.25,53,1.75,0.469779
17,2,64.5,57,0.25,0.471541
17,3,64.75,60,0.25,0.473304
17,4,65.0,65,0.25,0.475066
17,5,65.25,57,0.25,0.476828
17,6,65.5,60,0.25,0.478591
17,7,65.75,65,0.25,0.480353
17,8,66.0,50,2.0,0.482115
17,9,66.25,53,1.75,0.483878
17,10,66.5,57,0.25,0.48564
17,11,66.75,60,0.25,0.487402
17,12,67.0,65,0.25,0.489165
17,13,67.25,57,0.25,0.490927
17,14,67.5,60,0.25,0.49269
17,15,67.75,65,0.25,0.494452
18,0,68.0,43,2.0,0.496844
18,1,68.25,50,1.75,0.498606
18,2,68.5,55,0.25,0.500369
18,3,68.75,59,0.25,0.502131
18,4,69.0,65,0.25,0.503893
18,5,69.25,55,0.25,0.505656
18,6,69.5,59,0.25,0.507418
18,7,69.75,65,0.25,0.509181
18,8,70.0,43,2.0,0.510943
18,9,70.25,50,1.75,0.512705
18,10,70.5,55,0.25,0.514468
18,11,70.75,59,0.25,0.51623
18,12,71.0,65,0.25,0.517992
18,13,71.25,55,0.25,0.519755
18,14,71.5,59,0.25,0.521517
18,15,71.75,65,0.25,0.523279
19,0,72.0,48,2.0,0.525671
19,1,72.25,52,1.75,0.527434
19,2,72.5,55,0.25,0.529196
19,3,72.75,60,0.25,0.530959
19,4,73.0,64,0.25,0.532721
19,5,73.25,55,0.25,0.534483
19,6,73.5,60,0.25,0.536246
19,7,73.75,64,0.25,0.538008
19,8,74.0,48,2.0,0.53977
19,9,74.25,52,1.75,0.541533
19,10,74.5,55,0.25,0.543295
19,11,74.75,60,0.25,0.545057
19,12,75.0,64,0.25,0.54682
19,13,75.25,55,0.25,0.548582
19,14,75.5,60,0.25,0.550344
19,15,75.75,64,0.25,0.552107
20,0,76.0,48,2.0,0.554499
20,1,76.25,55,1.75,0.556261
20,2,76.5,58,0.25,0.558024
20,3,76.75,60,0.25,0.559786
20,4,77.0,64,0.25,0.561548
20,5,77.25,58,0.25,0.563311
20,6,77.5,60,0.25,0.565073
20,7,77.75,64,0.25,0.566835
20,8,78.0,48,2.0,0.568598
20,9,78.25,55,1.75,0.57036
20,10,78.5,58,0.25,0.572122
20,11,78.75,60,0.25,0.573885
20,12,79.0,64,0.25,0.575647
20,13,79.25,58,0.25,0.577409
20,14,79.5,60,0.25,0.579172
20,15,79.75,64,0.25,0.580934
21,0,80.0,41,2.0,0.583326
21,1,80.25,53,1.75,0.585089
21,2,80.5,57,0.25,0.586851
21,3,80.75,60,0.25,0.588613
21,4,81.0,64,0.25,0.590376
21,5,81.25,57,0.25,0.592138
21,6,81.5,60,0.25,0.5939
21,7,81.75,64,0.25,0.595663
21,8,82.0,41,2.0,0.597425
21,9,82.25,53,1.75,0.599187
21,10,82.5,57,0.25,0.60095
21,11,82.75,60,0.25,0.602712
21,12,83.0,64,0.25,0.604474
21,13,83.25,57,0.25,0.606237
21,14,83.5,60,0.25,0.607999
21,15,83.75,64,0.25,0.609761
22,0,84.0,42,2.0,0.612872
22,1,84.25,48,1.75,0.614634
22,2,84.5,57,0.25,0.616396
22,3,84.75,60,0.25,0.618159
22,4,85.0,63,0.25,0.619921
22,5,85.25,57,0.25,0.621683
22,6,85.5,60,0.25,0.623446
22,7,85.75,63,0.25,0.625208
22,8,86.0,42,2.0,0.62697
22,9,86.25,48,1.75,0.628733
22,10,86.5,57,0.25,0.630495
22,11,86.75,60,0.25,0.632257
22,12,87.0,63,0.25,0.63402
22,13,87.25,57,0.25,0.635782
22,14,87.5,60,0.25,0.637544
22,15,87.75,63,0.25,0.639307
23,0,88.0,44,2.0,0.642322
23,1,88.25,53,1.75,0.644085
23,2,88.5,59,0.25,0.645847
23,3,88.75,60,0.25,0.647609
23,4,89.0,62,0.25,0.649372
23,5,89.25,59,0.25,0.651134
23,6,89.5,60,0.25,0.652896
23,7,89.75,62,0.25,0.654659
23,8,90.0,44,2.0,0.656421
23,9,90.25,53,1.75,0.658183
23,10,90.5,59,0.25,0.659946
23,11,90.75,60,0.25,0.661708
23,12,91.0,62,0.25,0.663471
23,13,91.25,59,0.25,0.665233
23,14,91.5,60,0.25,0.666995
23,15,91.75,62,0.25,0.668758
24,0,92.0,43,2.0,0.67115
24,1,92.25,53,1.75,0.672912
24,2,92.5,55,0.25,0.674674
24,3,92.75,59,0.25,0.676437
24,4,93.0,62,0.25,0.678199
24,5,93.25,55,0.25,0.679961
24,6,93.5,59,0.25,0.681724
24,7,93.75,62,0.25,0.683486
24,8,94.0,43,2.0,0.685249
24,9,94.25,53,1.75,0.687011
24,10,94.5,55,0.25,0.688773
24,11,94.75,59,0.25,0.690536
24,12,95.0,62,0.25,0.692298
24,13,95.25,55,0.25,0.69406
24,14,95.5,59,0.25,0.695823
24,15,95.75,62,0.25,0.697585
25,0,96.0,43,2.0,0.699977
25,1,96.25,52,1.75,0.701739
25,2,96.5,55,0.25,0.703502
25,3,96.75,60,0.25,0.705264
25,4,97.0,64,0.25,0.707027
25,5,97.25,55,0.25,0.708789
25,6,97.5,60,0.25,0.710551
25,7,97.75,64,0.25,0.712314
25,8,98.0,43,2.0,0.714076
25,9,98.25,52,1.75,0.715838
25,10,98.5,55,0.25,0.717601
25,11,98.75,60,0.25,0.719363
25,12,99.0,64,0.25,0.721125
25,13,99.25,55,0.25,0.722888
25,14,99.5,60,0.25,0.72465
25,15,99.75,64,0.25,0.726412
26,0,100.0,43,2.0,0.728805
26,1,100.25,50,1.75,0.730567
26,2,100.5,55,0.25,0.732329
26,3,100.75,60,0.25,0.734092
26,4,101.0,65,0.25,0.735854
26,5,101.25,55,0.25,0.737616
26,6,101.5,60,0.25,0.739379
26,7,101.75,65,0.25,0.741141
26,8,102.0,43,2.0,0.742903
26,9,102.25,50,1.75,0.744666
26,10,102.5,55,0.25,0.746428
26,11,102.75,60,0.25,0.74819
26,12,103.0,65,0.25,0.749953
26,13,103.25,55,0.25,0.751715
26,14,103.5,60,0.25,0.753477
26,15,103.75,65,0.25,0.75524
27,0,104.0,43,2.0,0.757632
27,1,104.25,50,1.75,0.759394
27,2,104.5,55,0.25,0.761157
27,3,104.75,59,0.25,0.762919
27,4,105.0,65,0.25,0.764681
27,5,105.25,55,0.25,0.766444
27,6,105.5,59,0.25,0.768206
27,7,105.75,65,0.25,0.769968
27,8,106.0,43,2.0,0.771731
27,9,106.25,50,1.75,0.773493
27,10,106.5,55,0.25,0.775255
27,11,106.75,59,0.25,0.777018
27,12,107.0,65,0.25,0.77878
27,13,107.25,55,0.25,0.780542
27,14,107.5,59,0.25,0.782305
27,15,107.75,65,0.25,0.784067
28,0,108.0,43,2.0,0.786459
28,1,108.25,51,1.75,0.788222
28,2,108.5,57,0.25,0.789984
28,3,108.75,60,0.25,0.791746
28,4,109.0,66,0.25,0.793518
28,5,109.25,57,0.25,0.795281
28,6,109.5,60,0.25,0.797043
28,7,109.75,66,0.25,0.798806
28,8,110.0,43,2.0,0.800568
28,9,110.25,51,1.75,0.80233
28,10,110.5,57,0.25,0.804093
28,11,110.75,60,0.25,0.805855
28,12,111.0,66,0.25,0.807617
28,13,111.25,57,0.25,0.80938
28,14,111.5,60,0.25,0.811142
28,15,111.75,66,0.25,0.812904
29,0,112.0,43,2.0,0.815296
29,1,112.25,52,1.75,0.817059
29,2,112.5,55,0.25,0.818821
29,3,112.75,60,0.25,0.820584
29,4,113.0,67,0.25,0.822346
29,5,113.25,55,0.25,0.824108
29,6,113.5,60,0.25,0.825871
29,7,113.75,67,0.25,0.827633
29,8,114.0,43,2.0,0.829395
29,9,114.25,52,1.75,0.831158
29,10,114.5,55,0.25,0.83292
29,11,114.75,60,0.25,0.834682
29,12,115.0,67,0.25,0.836445
29,13,115.25,55,0.25,0.838207
29,14,115.5,60,0.25,0.839969
29,15,115.75,67,0.25,0.841732
30,0,116.0,43,2.0,0.844124
30,1,116.25,50,1.75,0.845886
30,2,116.5,55,0.25,0.847649
30,3,116.75,60,0.25,0.849411
30,4,117.0,65,0.25,0.851173
30,5,117.25,55,0.25,0.852936
30,6,117.5,60,0.25,0.854698
30,7,117.75,65,0.25,0.85646
30,8,118.0,43,2.0,0.858223
30,9,118.25,50,1.75,0.859985
30,10,118.5,55,0.25,0.861747
30,11,118.75,60,0.25,0.86351
30,12,119.0,65,0.25,0.865272
30,13,119.25,55,0.25,0.867034
30,14,119.5,60,0.25,0.868797
30,15,119.75,65,0.25,0.870559
31,0,120.0,43,2.0,0.872951
31,1,120.25,50,1.75,0.874714
31,2,120.5,55,0.25,0.876476
31,3,120.75,59,0.25,0.878238
31,4,121.0,65,0.25,0.880001
31,5,121.25,55,0.25,0.881763
31,6,121.5,59,0.25,0.883525
31,7,121.75,65,0.25,0.885288
31,8,122.0,43,2.0,0.88705
31,9,122.25,50,1.75,0.888812
31,10,122.5,55,0.25,0.890575
31,11,122.75,59,0.25,0.892337
31,12,123.0,65,0.25,0.894099
31,13,123.25,55,0.25,0.895862
31,14,123.5,59,0.25,0.897624
31,15,123.75,65,0.25,0.899386
32,0,124.0,36,2.0,0.901779
32,1,124.25,48,1.75,0.903541
32,2,124.5,55,0.25,0.905303
32,3,124.75,58,0.25,0.907069
32,4,125.0,64,0.25,0.908831
32,5,125.25,55,0.25,0.910594
32,6,125.5,58,0.25,0.912356
32,7,125.75,64,0.25,0.914118
32,8,126.0,36,2.0,0.915881
32,9,126.25,48,1.75,0.917643
32,10,126.5,55,0.25,0.919405
32,11,126.75,58,0.25,0.921168
32,12,127.0,64,0.25,0.92293
32,13,127.25,55,0.25,0.924692
32,14,127.5,58,0.25,0.926455
32,15,127.75,64,0.25,0.928217
33,0,128.0,36,4.0,0.930609
33,1,128.25,48,3.75,0.932372
33,2,128.5,53,0.25,0.934134
33,3,128.75,57,0.25,0.935896
33,4,129.0,60,0.25,0.937659
33,5,129.25,65,0.25,0.939421
33,6,129.5,60,0.25,0.941183
33,7,129.75,57,0.25,0.942946
33,8,130.0,60,0.25,0.944708
33,9,130.25,57,0.25,0.947228
33,10,130.5,53,0.25,0.94899
33,11,130.75,57,0.25,0.950752
33,12,131.0,53,0.25,0.952515
33,13,131.25,50,0.25,0.954277
33,14,131.5,53,0.25,0.956039
33,15,131.75,50,0.25,0.957802
34,0,132.0,36,4.0,0.960954
34,1,132.25,47,3.75,0.962717
34,2,132.5,67,0.25,0.964479
34,3,132.75,71,0.25,0.966241
34,4,133.0,74,0.25,0.968004
34,5,133.25,77,0.25,0.969766
34,6,133.5,74,0.25,0.971528
34,7,133.75,71,0.25,0.973291
34,8,134.0,74,0.25,0.975053
34,9,134.25,71,0.25,0.976815
34,10,134.5,67,0.25,0.978578
34,11,134.75,71,0.25,0.98034
34,12,135.0,62,0.25,0.982102
34,13,135.25,65,0.25,0.983865
34,14,135.5,64,0.25,0.985627
34,15,135.75,62,0.25,0.987389
35,0,136.0,36,4.0,0.989837
35,0,136.0,48,4.0,0.989837
35,0,136.0,64,4.0,0.989837
35,0,136.0,67,4.0,0.989837
35,0,136.0,72,4.0,0.989837
