bar,pos,t_detected,strength,confident
1,0,1.447,1.50,1
1,1,1.756,1.50,1
1,2,2.030,0.97,1
1,3,2.270,0.91,1
1,4,2.534,1.50,1
1,5,2.799,1.28,1
1,6,3.068,0.50,1
1,7,3.357,0.55,1
1,8,3.687,0.11,0
1,9,3.941,0.56,1
1,10,4.161,0.71,1
1,11,4.415,0.74,1
1,12,4.709,0.85,1
1,13,4.944,0.64,1
1,14,5.213,0.70,1
1,15,5.478,0.50,1
2,0,5.742,1.09,1
2,1,6.011,1.50,1
2,2,6.281,0.82,1
2,3,6.505,0.45,1
2,4,6.785,1.50,1
2,5,7.044,0.98,1
2,6,7.323,0.49,1
2,7,7.583,0.64,1
2,8,7.847,1.50,1
2,9,8.132,0.64,1
2,10,8.386,0.55,1
2,11,8.645,0.24,0
2,12,8.910,0.53,1
2,13,9.144,0.65,1
2,14,9.424,0.55,1
2,15,9.723,0.49,1
3,0,9.972,1.50,1
3,1,10.267,1.43,1
3,2,10.531,0.38,1
3,3,10.785,0.64,1
3,4,11.060,1.44,1
3,5,11.329,1.01,1
3,6,11.604,0.39,1
3,7,11.868,0.54,1
3,8,12.112,0.49,1
3,9,12.427,0.87,1
3,10,12.681,0.66,1
3,11,12.946,0.46,1
3,12,13.200,0.85,1
3,13,13.454,0.72,1
3,14,13.739,1.00,1
3,15,13.963,0.09,0
4,0,14.293,1.32,1
4,1,14.562,1.50,1
4,2,14.836,0.47,1
4,3,15.101,0.36,1
4,4,15.380,0.98,1
4,5,15.634,0.67,1
4,6,15.919,0.14,0
4,7,16.193,0.31,1
4,8,16.453,0.29,1
4,9,16.737,1.06,1
4,10,16.996,0.38,1
4,11,17.266,0.30,1
4,12,17.535,0.71,1
4,13,17.780,1.17,1
4,14,18.004,0.11,0
4,15,18.323,0.47,1
5,0,18.613,1.50,1
5,1,18.892,1.50,1
5,2,19.166,0.76,1
5,3,19.411,0.74,1
5,4,19.705,1.50,1
5,5,19.965,0.71,1
5,6,20.224,1.04,1
5,7,20.488,0.52,1
5,8,20.748,0.78,1
5,9,21.032,0.80,1
5,10,21.297,0.91,1
5,11,21.561,0.31,1
5,12,21.835,0.64,1
5,13,22.090,0.39,1
5,14,22.354,0.79,1
5,15,22.609,0.73,1
6,0,22.858,1.26,1
6,1,23.152,1.50,1
6,2,23.432,1.09,1
6,3,23.666,0.72,1
6,4,23.951,0.85,1
6,5,24.215,0.64,1
6,6,24.464,0.59,1
6,7,24.739,0.18,0
6,8,24.998,0.90,1
6,9,25.317,0.57,1
6,10,25.562,0.90,1
6,11,25.811,0.68,1
6,12,26.101,0.54,1
6,13,26.315,0.11,0
6,14,26.620,0.78,1
6,15,26.849,0.04,0
7,0,27.138,1.50,1
7,1,27.418,1.11,1
7,2,27.712,0.88,1
7,3,27.971,0.51,1
7,4,28.246,1.50,1
7,5,28.525,0.92,1
7,6,28.755,0.15,0
7,7,29.064,0.52,1
7,8,29.313,0.91,1
7,9,29.598,1.02,1
7,10,29.862,0.46,1
7,11,30.092,0.05,0
7,12,30.401,0.99,1
7,13,30.640,0.90,1
7,14,30.910,0.86,1
7,15,31.179,0.61,1
8,0,31.434,1.27,1
8,1,31.718,1.03,1
8,2,31.992,1.20,1
8,3,32.242,0.76,1
8,4,32.521,0.71,1
8,5,32.795,0.45,1
8,6,33.060,0.33,1
8,7,33.274,0.13,0
8,8,33.559,1.00,1
8,9,33.833,0.13,0
8,10,34.132,0.98,1
8,11,34.382,0.81,1
8,12,34.651,0.85,1
8,13,34.901,0.72,1
8,14,35.165,0.11,0
8,15,35.444,0.36,1
9,0,35.709,1.50,1
9,1,35.998,1.45,1
9,2,36.263,0.80,1
9,3,36.512,1.25,1
9,4,36.786,0.92,1
9,5,37.056,0.55,1
9,6,37.330,0.35,1
9,7,37.610,0.12,0
9,8,37.859,0.90,1
9,9,38.168,0.43,1
9,10,38.428,0.85,1
9,11,38.667,0.68,1
9,12,38.951,0.44,1
9,13,39.216,1.10,1
9,14,39.480,0.84,1
9,15,39.775,0.38,1
10,0,40.054,1.11,1
10,1,40.308,1.50,1
10,2,40.583,1.00,1
10,3,40.842,0.67,1
10,4,41.117,1.24,1
10,5,41.386,0.98,1
10,6,41.655,0.51,1
10,7,41.925,0.17,0
10,8,42.189,0.98,1
10,9,42.478,0.31,1
10,10,42.738,0.88,1
10,11,42.987,0.40,1
10,12,43.262,0.95,1
10,13,43.511,1.28,1
10,14,43.780,0.64,1
10,15,44.075,0.35,1
11,0,44.344,0.97,1
11,1,44.639,1.03,1
11,2,44.878,1.04,1
11,3,45.142,0.60,1
11,4,45.417,0.95,1
11,5,45.641,0.12,0
11,6,45.941,0.72,1
11,7,46.210,0.47,1
11,8,46.519,0.20,0
11,9,46.779,0.46,1
11,10,47.013,0.64,1
11,11,47.273,0.27,1
11,12,47.572,0.46,1
11,13,47.776,0.13,0
11,14,48.106,0.82,1
11,15,48.370,0.34,1
12,0,48.644,1.50,1
12,1,48.969,1.48,1
12,2,49.243,0.53,1
12,3,49.488,1.06,1
12,4,49.782,1.50,1
12,5,50.066,1.07,1
12,6,50.331,0.84,1
12,7,50.550,0.08,0
12,8,50.859,0.48,1
12,9,51.159,0.82,1
12,10,51.423,0.59,1
12,11,51.663,0.65,1
12,12,51.942,0.93,1
12,13,52.201,1.14,1
12,14,52.471,0.56,1
12,15,52.740,0.52,1
13,0,53.000,0.90,1
13,1,53.304,1.33,1
13,2,53.578,0.60,1
13,3,53.828,0.99,1
13,4,54.122,1.50,1
13,5,54.401,1.01,1
13,6,54.656,0.77,1
13,7,54.925,0.71,1
13,8,55.170,0.69,1
13,9,55.489,0.76,1
13,10,55.768,0.56,1
13,11,56.013,0.80,1
13,12,56.292,1.31,1
13,13,56.546,0.83,1
13,14,56.786,0.12,0
13,15,57.115,0.47,1
14,0,57.375,1.00,1
14,1,57.689,0.58,1
14,2,57.948,0.84,1
14,3,58.193,1.27,1
14,4,58.482,1.50,1
14,5,58.766,0.74,1
14,6,59.026,0.86,1
14,7,59.270,0.11,0
14,8,59.550,0.26,1
14,9,59.834,0.87,1
14,10,60.133,0.62,1
14,11,60.398,0.92,1
14,12,60.657,0.99,1
14,13,60.922,0.87,1
14,14,61.196,1.33,1
14,15,61.465,0.44,1
15,0,61.765,0.34,1
15,1,62.024,1.44,1
15,2,62.313,0.39,1
15,3,62.578,1.04,1
15,4,62.857,1.42,1
15,5,63.127,0.48,1
15,6,63.396,0.79,1
15,7,63.665,0.34,1
15,8,63.945,0.69,1
15,9,64.169,0.09,0
15,10,64.409,0.11,0
15,11,64.748,1.08,1
15,12,65.032,0.95,1
15,13,65.272,0.83,1
15,14,65.556,0.64,1
15,15,65.835,0.32,1
16,0,66.140,1.50,1
16,1,66.434,1.43,1
16,2,66.703,0.74,1
16,3,66.953,1.06,1
16,4,67.217,1.50,1
16,5,67.492,0.72,1
16,6,67.766,0.56,1
16,7,68.035,0.33,1
16,8,68.325,0.30,1
16,9,68.624,0.43,1
16,10,68.873,0.37,1
16,11,69.148,0.62,1
16,12,69.407,0.99,1
16,13,69.652,0.66,1
16,14,69.946,1.00,1
16,15,70.215,1.26,1
17,0,70.490,1.00,1
17,1,70.764,0.72,1
17,2,71.039,0.95,1
17,3,71.293,0.92,1
17,4,71.572,1.50,1
17,5,71.847,0.69,1
17,6,72.136,0.49,1
17,7,72.405,0.60,1
17,8,72.665,0.27,1
17,9,72.964,0.51,1
17,10,73.214,0.55,1
17,11,73.428,0.10,0
17,12,73.737,1.50,1
17,13,74.017,1.24,1
17,14,74.301,0.71,1
17,15,74.600,0.33,1
18,0,74.895,0.86,1
18,1,75.214,1.36,1
18,2,75.473,0.81,1
18,3,75.728,1.18,1
18,4,76.017,1.50,1
18,5,76.332,0.65,1
18,6,76.596,0.72,1
18,7,76.860,0.33,1
18,8,77.110,0.11,0
18,9,77.444,0.99,1
18,10,77.703,0.93,1
18,11,77.978,0.62,1
18,12,78.257,1.05,1
18,13,78.532,0.53,1
18,14,78.811,0.60,1
18,15,79.095,0.60,1
19,0,79.365,1.00,1
19,1,79.649,1.50,1
19,2,79.928,0.38,1
19,3,80.183,0.76,1
19,4,80.452,1.50,1
19,5,80.732,0.81,1
19,6,81.006,0.54,1
19,7,81.280,0.89,1
19,8,81.575,0.73,1
19,9,81.839,0.33,1
19,10,82.054,0.21,0
19,11,82.363,0.49,1
19,12,82.647,1.50,1
19,13,82.932,0.75,1
19,14,83.211,0.38,1
19,15,83.485,0.79,1
20,0,83.745,1.01,1
20,1,84.039,1.50,1
20,2,84.333,0.67,1
20,3,84.578,1.50,1
20,4,84.882,1.50,1
20,5,85.166,0.99,1
20,6,85.411,0.73,1
20,7,85.690,0.57,1
20,8,85.895,0.20,0
20,9,86.209,0.76,1
20,10,86.493,0.30,1
20,11,86.788,0.21,0
20,12,87.027,1.09,1
20,13,87.307,0.67,1
20,14,87.581,0.59,1
20,15,87.805,0.18,0
21,0,88.075,0.16,0
21,1,88.394,1.35,1
21,2,88.678,0.69,1
21,3,88.923,1.39,1
21,4,89.222,1.50,1
21,5,89.497,0.48,1
21,6,89.761,0.96,1
21,7,90.030,0.59,1
21,8,90.330,0.88,1
21,9,90.594,0.46,1
21,10,90.824,0.16,0
21,11,91.123,0.58,1
21,12,91.392,1.33,1
21,13,91.662,0.63,1
21,14,91.946,0.58,1
21,15,92.215,0.64,1
22,0,92.505,0.98,1
22,1,92.819,1.50,1
22,2,93.078,0.49,1
22,3,93.338,1.03,1
22,4,93.607,1.50,1
22,5,93.897,0.89,1
22,6,94.176,0.68,1
22,7,94.445,0.80,1
22,8,94.755,1.01,1
22,9,95.054,0.50,1
22,10,95.293,0.74,1
22,11,95.553,0.69,1
22,12,95.832,1.50,1
22,13,96.107,0.99,1
22,14,96.396,0.46,1
22,15,96.665,0.93,1
23,0,97.000,0.44,1
23,1,97.304,1.50,1
23,2,97.568,0.68,1
23,3,97.808,1.16,1
23,4,98.102,1.50,1
23,5,98.366,0.42,1
23,6,98.601,0.13,0
23,7,98.915,0.19,0
23,8,99.284,0.79,1
23,9,99.574,0.15,0
23,10,99.888,0.81,1
23,11,100.147,0.40,1
23,12,100.422,1.50,1
23,13,100.706,0.60,1
23,14,101.000,0.47,1
23,15,101.365,0.98,1
24,0,101.809,0.98,1
24,1,102.153,1.50,1
24,2,102.447,0.87,1
24,3,102.692,1.50,1
24,4,102.971,1.50,1
24,5,103.245,0.78,1
24,6,103.530,0.72,1
24,7,103.824,0.37,1
24,8,104.103,0.47,1
24,9,104.398,0.68,1
24,10,104.647,0.72,1
24,11,104.917,0.95,1
24,12,105.201,0.73,1
24,13,105.460,0.99,1
24,14,105.745,0.78,1
24,15,106.019,0.54,1
25,0,106.303,0.36,1
25,1,106.548,1.50,1
25,2,106.827,0.79,1
25,3,107.097,1.50,1
25,4,107.371,1.50,1
25,5,107.650,1.15,1
25,6,107.925,0.64,1
25,7,108.194,0.63,1
25,8,108.463,0.39,1
25,9,108.758,0.51,1
25,10,109.027,0.90,1
25,11,109.287,0.63,1
25,12,109.561,1.30,1
25,13,109.820,0.54,1
25,14,110.095,0.68,1
25,15,110.394,0.67,1
26,0,110.673,0.51,1
26,1,110.958,0.56,1
26,2,111.232,1.24,1
26,3,111.497,1.50,1
26,4,111.786,1.50,1
26,5,112.075,0.45,1
26,6,112.350,0.51,1
26,7,112.634,0.61,1
26,8,112.893,0.49,1
26,9,113.173,0.71,1
26,10,113.422,1.27,1
26,11,113.697,1.02,1
26,12,113.986,1.44,1
26,13,114.250,0.64,1
26,14,114.555,0.34,1
26,15,114.819,0.36,1
27,0,115.088,0.48,1
27,1,115.358,0.80,1
27,2,115.637,1.07,1
27,3,115.907,0.92,1
27,4,116.201,1.50,1
27,5,116.475,0.87,1
27,6,116.770,0.46,1
27,7,117.004,0.12,0
27,8,117.273,0.15,0
27,9,117.563,0.50,1
27,10,117.852,0.96,1
27,11,118.107,0.92,1
27,12,118.401,1.12,1
27,13,118.665,0.53,1
27,14,118.945,0.74,1
27,15,119.244,0.68,1
28,0,119.513,0.41,1
28,1,119.808,1.50,1
28,2,120.082,0.48,1
28,3,120.337,1.46,1
28,4,120.626,1.50,1
28,5,120.905,0.66,1
28,6,121.185,0.86,1
28,7,121.464,0.75,1
28,8,121.683,0.08,0
28,9,121.973,0.25,0
28,10,122.287,0.71,1
28,11,122.551,0.76,1
28,12,122.816,1.50,1
28,13,123.065,0.62,1
28,14,123.345,1.00,1
28,15,123.614,0.99,1
29,0,123.834,0.16,0
29,1,124.183,1.50,1
29,2,124.467,0.92,1
29,3,124.732,1.06,1
29,4,125.046,1.50,1
29,5,125.350,0.81,1
29,6,125.570,0.13,0
29,7,125.824,0.14,0
29,8,126.093,0.20,0
29,9,126.418,0.81,1
29,10,126.697,0.84,1
29,11,126.966,0.50,1
29,12,127.251,0.81,1
29,13,127.455,0.19,0
29,14,127.785,0.94,1
29,15,128.054,0.59,1
30,0,128.348,1.50,1
30,1,128.653,0.80,1
30,2,128.922,1.00,1
30,3,129.166,1.30,1
30,4,129.466,1.50,1
30,5,129.750,0.47,1
30,6,130.015,0.62,1
30,7,130.294,0.77,1
30,8,130.593,0.78,1
30,9,130.902,0.32,1
30,10,131.172,0.39,1
30,11,131.431,0.68,1
30,12,131.696,1.23,1
30,13,131.970,0.50,1
30,14,132.239,0.41,1
30,15,132.504,1.36,1
31,0,132.788,0.73,1
31,1,133.078,0.99,1
31,2,133.362,0.46,1
31,3,133.601,1.22,1
31,4,133.891,1.50,1
31,5,134.155,0.70,1
31,6,134.429,0.70,1
31,7,134.684,0.11,0
31,8,134.988,0.35,1
31,9,135.263,0.40,1
31,10,135.532,0.73,1
31,11,135.801,1.02,1
31,12,136.086,1.50,1
31,13,136.360,0.75,1
31,14,136.634,0.58,1
31,15,136.924,0.76,1
32,0,137.213,0.73,1
32,1,137.517,1.50,1
32,2,137.802,0.64,1
32,3,138.076,0.82,1
32,4,138.346,1.38,1
32,5,138.635,0.44,1
32,6,138.909,0.30,1
32,7,139.179,0.46,1
32,8,139.468,0.67,1
32,9,139.762,0.64,1
32,10,140.032,0.72,1
32,11,140.281,0.53,1
32,12,140.561,0.90,1
32,13,140.855,0.46,1
32,14,141.104,0.12,0
32,15,141.449,0.53,1
33,0,141.808,0.99,1
33,1,142.187,0.45,1
33,2,142.441,0.82,1
33,3,142.706,1.31,1
33,4,143.000,1.50,1
33,5,143.304,1.48,1
33,6,143.569,0.87,1
33,7,143.828,1.01,1
33,8,144.102,1.05,1
33,9,144.397,0.91,1
33,10,144.686,0.62,1
33,11,144.936,0.47,1
33,12,145.220,0.67,1
33,13,145.494,0.39,1
33,14,145.729,0.12,0
33,15,146.033,0.40,1
34,0,146.352,0.62,1
34,1,146.722,0.50,1
34,2,147.016,0.75,1
34,3,147.290,0.74,1
34,4,147.595,1.15,1
34,5,147.924,0.98,1
34,6,148.198,1.50,1
34,7,148.448,1.28,1
34,8,148.767,1.38,1
34,9,149.046,1.20,1
34,10,149.356,1.28,1
34,11,149.660,0.39,1
34,12,150.019,1.12,1
34,13,150.353,0.54,1
34,14,150.712,0.93,1
34,15,151.146,0.84,1
35,0,151.905,0.63,1
